Epoch,Train MSE,Val MSE
3.0,12.77769178995835,69.10750374278507
